{
  "task": "test-50-camera-lighting",
  "model_a": "modela",
  "model_b": "modelb",
  "elapsed_time": 357.7291657924652,
  "avg_per_comparison": 7.154583315849305,
  "throughput": 8.386232621973113,
  "wins_a": 35,
  "wins_b": 12,
  "ties": 0,
  "errors": 3,
  "win_rate_a": 0.7446808510638298,
  "win_rate_b": 0.2553191489361702,
  "tie_rate": 0.0,
  "concurrent": 5,
  "video_frames": 8,
  "video_aware": true
}